customer_id,order_id,order_date,product_id,quantity,price
C0004,ORD1011,2024-01-30,P006,2,391.59
C0027,ORD1081,2024-02-04,P002,4,312.29
C0008,ORD1022,2023-11-09,P001,3,1382.52
C0203,ORD1605,2024-03-18,P002,1,301.87
C0152,ORD1448,2023-12-20,P001,3,1392.33
C0277,ORD1837,2024-02-14,P010,4,145.66
C0139,ORD1402,2023-07-07,P001,3,1347.85
C0089,ORD1266,2023-12-04,P009,3,1098.08
C0175,ORD1522,2023-12-04,P003,4,204.66
C0233,ORD1693,2024-01-05,P010,2,141.65
C0077,ORD1235,2023-09-19,P006,2,416.95
C0033,ORD1097,2023-02-22,P007,2,1562.64
C0272,ORD1819,2023-11-30,P006,-1,391.66
C0120,ORD1357,2023-12-02,P005,4,2577.71
C0046,ORD1129,2023-06-20,P002,4,319.51
C0276,ORD1834,2023-08-05,P006,4,413.26
C0002,ORD1005,2024-02-25,P003,4,193.69
C0022,ORD1065,2023-03-17,P007,1,1572.4
C0029,ORD1083,2024-02-02,P007,2,1748.82
C0185,ORD1552,2023-08-15,P002,1,319.08
C0124,ORD1366,2024-01-13,P008,2,822.65
C0219,ORD1654,2024-02-07,P001,2,1425.95
C0117,ORD1341,2024-03-31,P005,4,2466.46
C0088,ORD1259,2023-10-08,P008,2,817.96
C0291,ORD1877,2024-01-03,P006,4,428.81
C0077,ORD1234,2023-12-06,P002,4,317.5
C0183,ORD1542,2024-02-22,P010,1,163.1
C0250,ORD1756,2023-10-22,P009,1,1076.12
C0072,ORD1227,2023-09-26,P007,-1,1591.35
C0050,ORD1151,2023-06-30,P008,1,728.85
C0005,ORD1014,2023-09-13,P001,3,1246.95
C0106,ORD1308,2023-11-07,P005,2,2604.37
C0004,ORD1012,2023-10-28,P002,2,295.03
C0247,ORD1742,2024-01-08,P001,4,1248.3
C0098,ORD1288,2024-01-20,P001,3,1318.8
C0148,ORD1436,2023-11-04,P005,4,2667.43
C0033,ORD1095,2023-08-06,P003,4,218.32
C0268,ORD1810,2023-12-22,P006,2,395.15
C0171,ORD1512,2023-06-08,P009,1,1089.0
C0032,ORD1089,2023-05-28,P004,4,949.31
C0142,ORD1418,2024-02-15,P010,1,162.09
C0296,ORD1894,2023-11-23,P010,4,161.72
C0071,ORD1224,2023-03-02,P002,3,303.07
C0187,ORD1554,2023-02-14,P004,4,866.45
C0233,ORD1696,2023-10-28,P010,3,150.15
C0117,ORD1343,2024-03-05,P004,4,901.09
C0211,ORD1629,2024-02-26,P005,2,2627.9
C0094,ORD1280,2023-12-04,P008,1,716.47
C0142,ORD1417,2023-11-25,P003,1,202.0
C0206,ORD1613,2023-12-24,P006,3,429.49
C0188,ORD1559,2024-02-11,P007,4,1586.15
C0276,ORD1830,2023-11-04,P001,4,1403.06
C0074,ORD1230,2023-09-05,P002,4,285.95
C0022,ORD9326,2023-06-15,,1,0.0
C0015,ORD1042,2024-03-27,P008,3,819.1
C0151,ORD1445,2023-10-26,P007,4,1591.68
C0144,ORD1421,2023-11-28,P010,2,157.48
C0268,ORD1805,2023-12-04,P006,4,432.71
C0198,ORD1585,2024-02-04,P004,2,961.82
C0289,ORD1872,2024-03-08,P001,1,1264.04
C0011,ORD1032,2024-03-19,P001,2,1240.17
C0176,ORD1528,2024-03-08,P002,2,284.17
C0158,ORD1471,2024-03-19,P003,2,193.24
C0058,ORD1178,2023-09-28,P010,3,145.8
C0106,ORD1307,2023-05-24,P006,3,394.05
C0125,ORD1370,2024-01-07,P009,4,979.83
C0100,ORD1294,2024-03-01,P004,1,879.14
C0251,ORD1757,2023-12-23,P009,2,975.89
C0153,ORD1455,2024-01-01,P005,4,2406.23
C0151,ORD1447,2024-03-10,P008,4,815.3
C0273,ORD1820,2023-12-18,P010,3,147.42
C0176,ORD1527,2024-03-05,P003,3,212.13
C0287,ORD1866,2023-05-08,P009,1,1044.73
C0070,ORD1218,2024-02-17,P007,1,1676.83
C0214,ORD1640,2024-02-09,P007,3,1659.5
C0072,ORD1225,2023-10-09,P004,1,869.0
C0109,ORD1318,2023-09-20,P010,4,160.89
C0060,ORD1188,2023-12-27,P001,3,1277.18
C0124,ORD1367,2024-02-12,P007,4,1711.41
C0233,ORD1691,2023-09-14,P008,2,723.66
C0192,ORD1570,2023-03-21,P004,2,918.51
C0168,ORD1505,2024-03-02,P008,3,782.11
C0068,ORD1202,2023-04-10,P008,4,769.21
C0036,ORD1105,2024-01-30,P007,2,1684.69
C0016,ORD1049,2024-01-12,P004,3,944.63
C0077,ORD9334,2023-06-15,,1,0.0
C0167,ORD1498,2023-04-21,P007,3,1700.19
C0266,ORD1802,2023-11-28,P007,1,1616.7
C0025,ORD1076,2023-11-21,P005,2,2591.46
C0069,ORD1214,2023-12-22,P009,3,1010.61
C0234,ORD1699,2024-03-25,P009,3,1031.14
C0141,ORD1407,2023-10-26,P001,1,1364.25
C0246,ORD1738,2024-02-19,P001,1,1310.84
C0272,ORD1817,2023-12-05,P009,1,1008.05
C0210,ORD1625,2023-08-11,P004,2,909.27
C0024,ORD1072,2023-06-29,P009,2,959.54
C0258,ORD1783,2024-02-16,P004,1,960.5
C0046,ORD1132,2023-05-30,P004,3,875.23
C0179,ORD1535,2024-01-01,P010,2,154.77
C0024,ORD1071,2024-01-12,P010,2,157.39
C0111,ORD1330,2024-01-10,P008,2,769.47
C0224,ORD1659,2023-07-28,P007,1,1667.2
C0200,ORD1596,2024-02-24,P005,1,2519.31
C0279,ORD1843,2023-04-28,P003,2,208.86
C0017,ORD1052,2023-08-02,P004,3,913.14
C0022,ORD1066,2023-09-13,P006,3,431.2
C0196,ORD1577,2024-01-25,P003,2,217.37
C0001,ORD1002,2023-10-19,P002,4,288.25
C0045,ORD1128,2023-12-12,P002,1,320.43
C0277,ORD9578,2023-06-15,,1,0.0
C0129,ORD1377,2024-02-26,P007,1,1677.78
C0089,ORD1261,2023-10-05,P004,2,861.09
C0261,ORD1790,2024-03-26,P003,1,201.01
C0041,ORD1118,2023-08-25,P007,2,1658.54
C0031,ORD1087,2023-09-16,P005,4,2476.98
C0260,ORD1788,2023-08-21,P006,4,397.4
C0202,ORD1603,2023-07-24,P003,2,192.82
C0046,ORD1130,2023-06-08,P009,4,1015.39
C0183,ORD1541,2023-10-18,P009,2,1008.14
C0038,ORD1113,2024-03-06,P004,4,944.16
C0244,ORD1732,2023-12-26,P009,1,1041.71
C0190,ORD1561,2024-02-07,P006,3,389.81
C0218,ORD1645,2023-07-13,P010,2,158.62
C0069,ORD1211,2023-10-13,P007,3,1608.83
C0187,ORD1557,2023-08-18,P003,3,194.64
C0253,ORD1767,2023-12-06,P004,4,951.18
C0016,ORD1050,2024-01-08,P008,3,816.68
C0025,ORD1075,2023-12-30,P003,3,213.94
C0273,ORD1821,2023-10-31,P008,3,767.59
C0014,ORD1039,2024-02-13,P002,1,308.3
C0176,ORD1526,2023-06-28,P008,4,717.78
C0164,ORD1490,2024-03-22,P008,3,809.17
C0013,ORD1036,2023-03-17,P002,1,299.27
C0161,ORD1479,2024-02-22,P004,3,858.4
C0097,ORD1286,2023-08-20,P009,3,961.05
C0253,ORD1768,2024-03-08,P008,4,729.67
C0197,ORD1580,2023-10-26,P006,2,436.69
C0059,ORD1187,2023-09-23,P010,4,162.57
C0160,ORD1476,2023-09-28,P008,4,724.27
C0070,ORD1216,2024-03-24,P004,2,884.29
C0006,ORD1018,2023-12-13,P003,4,190.46
C0131,ORD1381,2023-09-14,P005,2,2645.83
C0259,ORD1785,2023-08-10,P007,3,1621.24
C0152,ORD1449,2024-01-02,P002,1,313.54
C0279,ORD1846,2023-11-26,P003,4,208.03
C0071,ORD1221,2023-04-18,P001,1,1275.97
C0021,ORD1058,2023-08-05,P008,4,724.12
C0275,ORD1829,2024-03-11,P006,3,412.59
C0133,ORD1385,2023-09-21,P009,3,1086.37
C0161,ORD1480,2023-10-20,P006,1,438.54
C0184,ORD1547,2023-10-14,P008,3,721.71
C0129,ORD1376,2024-03-31,P007,3,1610.79
C0197,ORD1582,2023-06-05,P006,3,422.17
C0087,ORD1256,2024-02-06,P003,2,209.73
C0294,ORD1888,2023-11-12,P006,1,394.96
C0097,ORD1284,2023-12-03,P006,2,408.83
C0202,ORD1600,2024-02-04,P001,4,1315.62
C0154,ORD1456,2024-01-27,P006,3,425.99
C0173,ORD1519,2023-11-28,P005,4,2691.35
C0241,ORD1728,2023-10-01,P007,1,1717.83
C0058,ORD1173,2024-01-06,P005,4,2448.73
C0018,ORD1054,2023-08-11,P005,1,2652.34
C0154,ORD1459,2024-01-23,P001,3,1365.99
C0134,ORD1387,2024-03-04,P004,4,862.27
C0270,ORD1814,2024-03-13,P001,1,1306.38
C0043,ORD1124,2023-09-07,P004,3,855.96
C0208,ORD1619,2024-02-18,P001,2,1396.35
C0233,ORD1692,2023-11-04,P001,1,1321.83
C0165,ORD1492,2023-09-24,P004,4,965.75
C0109,ORD1319,2023-05-28,P006,3,388.59
C0271,ORD1815,2023-12-31,P008,2,814.46
C0092,ORD1276,2023-12-21,P009,1,1019.5
C0280,ORD1856,2024-02-25,P007,2,1562.8
C0138,ORD1400,2024-03-22,P008,4,821.8
C0217,ORD1644,2023-10-18,P006,2,382.52
C0245,ORD1736,2023-11-30,P007,3,1553.61
C0026,ORD1078,2024-03-17,P003,1,208.87
C0182,ORD1539,2023-09-24,P003,3,216.55
C0191,ORD1563,2024-03-20,P009,3,1098.84
C0048,ORD1143,2023-10-14,P006,4,419.16
C0205,ORD1610,2024-03-24,P001,2,1262.08
C0110,ORD1325,2024-03-19,P004,3,863.97
C0248,ORD1749,2023-12-18,P008,4,798.6
C0227,ORD1675,2023-12-14,P008,1,785.14
C0141,ORD1416,2023-03-13,P001,1,1307.54
C0012,ORD1033,2023-11-20,P005,4,2423.65
C0201,ORD1598,2023-09-07,P005,1,2635.12
C0113,ORD1336,2024-02-24,P003,2,217.35
C0248,ORD1749,2023-12-18,P008,4,798.6
C0090,ORD1272,2023-04-13,P001,2,1388.74
C0209,ORD1624,2023-06-28,P005,1,2435.12
C0041,ORD1119,2024-01-01,P009,3,1060.83
C0043,ORD1123,2024-01-02,P010,3,160.16
C0112,ORD1335,2024-03-25,P010,2,154.59
C0129,ORD1379,2024-02-28,P009,2,982.42
C0255,ORD1771,2023-12-27,P010,1,157.82
C0118,ORD1347,2024-01-29,P008,2,772.06
C0094,ORD1279,2023-12-18,P008,4,802.72
C0043,ORD1125,2024-01-07,P003,3,190.68
C0070,ORD1220,2024-03-03,P006,1,387.62
C0030,ORD1084,2023-11-07,P004,1,962.12
C0165,ORD1491,2023-10-09,P006,1,402.85
C0105,ORD1303,2023-10-28,P003,3,202.48
C0080,ORD1245,2023-12-07,P001,4,1409.24
C0016,ORD1047,2023-11-23,P010,2,142.44
C0256,ORD1774,2023-05-17,P010,3,156.87
C0236,ORD1709,2024-01-15,P009,3,956.09
C0089,ORD1263,2023-09-25,P005,1,2476.31
C0136,ORD1391,2023-08-15,P008,1,820.28
C0107,ORD1309,2024-01-07,P010,2,155.51
C0112,ORD1334,2024-03-27,P005,1,2473.58
C0106,ORD1308,2023-11-07,P005,2,2604.37
C0186,ORD1553,2023-11-03,P006,1,394.54
C0071,ORD1222,2023-09-07,P008,3,746.56
C0087,ORD1258,2024-01-01,P008,3,799.61
C0124,ORD1365,2024-02-04,P002,3,293.96
C0120,ORD1355,2023-07-02,P007,4,1698.7
C0058,ORD1176,2023-12-22,P005,1,2631.12
C0080,ORD1241,2023-11-13,P006,1,406.1
C0196,ORD1578,2024-02-19,P010,1,148.66
C0292,ORD1881,2024-01-19,P009,4,1051.43
C0083,ORD1250,2024-03-28,P010,2,154.57
C0058,ORD1179,2023-10-09,P003,1,208.34
C0270,ORD1813,2024-02-09,P002,1,313.8
C0277,ORD1836,2024-02-02,P010,4,151.49
C0105,ORD1301,2023-11-12,P010,1,150.45
C0252,ORD1762,2023-10-02,P010,2,150.01
C0202,ORD1601,2024-01-26,P008,2,720.42
C0298,ORD1901,2023-08-13,P003,3,206.43
C0294,ORD1886,2023-05-20,P001,2,1414.95
C0065,ORD1194,2024-02-03,P009,3,990.39
C0007,ORD1021,2023-10-13,P002,3,299.31
C0047,ORD1137,2024-03-08,P002,1,297.85
C0229,ORD1682,2024-02-14,P007,2,1625.59
C0132,ORD1382,2024-03-16,P010,1,143.05
C0167,ORD1503,2023-05-17,P002,3,297.47
C0026,ORD9689,2023-06-15,,1,0.0
C0137,ORD1399,2023-10-03,P005,4,2617.22
C0219,ORD1650,2024-03-29,P010,3,159.96
C0030,ORD1086,2023-10-11,P007,4,1697.42
C0273,ORD1822,2023-10-01,P007,3,1615.13
C0296,ORD1893,2023-05-19,P003,4,208.68
C0118,ORD1349,2023-12-19,P004,2,976.11
C0039,ORD1115,2024-02-29,P006,3,421.02
C0138,ORD1401,2024-02-29,P006,2,403.82
C0058,ORD1177,2023-06-28,P010,4,161.73
C0280,ORD1852,2024-02-20,P001,3,1405.94
C0289,ORD1870,2024-03-04,P003,3,196.47
C0207,ORD1616,2023-12-28,P004,4,965.16
C0074,ORD1229,2023-09-18,P009,2,1073.93
C0051,ORD1153,2024-01-10,P003,4,206.94
C0058,ORD1181,2023-07-19,P005,3,2439.89
C0288,ORD1869,2023-09-21,P004,1,932.41
C0035,ORD1101,2024-01-25,P004,2,937.84
C0231,ORD1689,2023-07-18,P009,3,955.91
C0105,ORD1304,2024-02-19,P006,2,425.75
C0010,ORD1028,2023-11-07,P010,4,162.31
C0066,ORD1197,2023-04-26,P002,2,320.52
C0268,ORD1808,2024-02-17,P001,3,1252.17
C0265,ORD1801,2024-02-13,P010,3,159.78
C0165,ORD1494,2023-08-11,P001,1,1386.79
C0267,ORD1803,2023-10-22,P005,3,2675.03
C0241,ORD1726,2024-03-03,P002,1,326.94
C0198,ORD1589,2024-01-11,P001,4,1266.2
C0294,ORD1885,2023-10-29,P008,3,736.35
C0120,ORD1360,2023-06-21,P006,3,424.37
C0225,ORD1663,2023-05-02,P001,1,1396.79
C0014,ORD1037,2023-08-14,P004,4,878.79
C0257,ORD1778,2024-03-01,P009,1,1047.86
C0044,ORD1126,2023-11-12,P002,1,305.1
C0202,ORD1602,2023-05-14,P009,2,1062.51
C0025,ORD1073,2023-11-26,P002,3,313.96
C0199,ORD1594,2023-11-22,P004,1,877.09
C0144,ORD1425,2023-10-25,P006,4,398.58
C0145,ORD1426,2024-03-05,P008,2,817.29
C0151,ORD1446,2023-12-12,P003,4,191.26
C0264,ORD1795,2024-02-21,P008,-4,807.11
C0199,ORD1591,2023-12-30,P009,3,993.62
C0003,ORD1008,2023-08-22,P009,3,1041.74
C0239,ORD1723,2024-03-27,P010,2,156.81
C0236,ORD1710,2024-02-02,P007,4,1753.1
C0027,ORD1081,2024-02-04,P002,4,312.29
C0151,ORD1444,2023-10-15,P008,2,744.28
C0118,ORD1346,2024-01-20,P002,3,313.47
C0157,ORD1464,2023-12-20,P004,4,944.49
C0072,ORD1226,2024-01-21,P010,4,148.44
C0235,ORD1705,2023-04-12,P001,2,1387.11
C0298,ORD1899,2023-10-26,P004,2,856.98
C0237,ORD1717,2023-05-26,P001,2,1350.35
C0048,ORD1147,2023-02-16,P009,4,977.16
C0033,ORD1099,2023-07-24,P005,4,2404.75
C0035,ORD1103,2024-02-18,P008,3,730.4
C0056,ORD1165,2023-10-18,P004,3,954.75
C0162,ORD1482,2024-03-17,P007,2,1707.3
C0102,ORD1298,2024-01-25,P006,1,396.43
C0227,ORD1674,2023-06-01,P003,4,192.42
C0004,ORD1012,2023-10-28,P002,2,295.03
C0175,ORD1523,2024-03-12,P005,2,2655.1
C0294,ORD1889,2023-05-04,P002,3,293.73
C0238,ORD1721,2023-09-21,P006,3,424.1
C0245,ORD1735,2024-02-01,P007,1,1647.0
C0287,ORD1867,2023-07-27,P006,1,392.08
C0216,ORD1643,2023-10-05,P007,4,1725.9
C0192,ORD1565,2023-03-21,P004,4,967.22
C0285,ORD1862,2024-03-20,P003,2,196.51
C0286,ORD1863,2023-03-10,P004,4,913.78
C0001,ORD1003,2023-05-12,P009,1,1056.35
C0248,ORD1747,2023-12-10,P007,-2,1578.1
C0089,ORD1268,2024-02-23,P006,2,396.22
C0067,ORD1199,2023-05-21,P009,3,965.52
C0133,ORD1384,2023-10-15,P009,2,1065.34
C0192,ORD1568,2023-12-08,P010,2,145.76
C0036,ORD1106,2024-03-02,P004,1,894.72
C0219,ORD1649,2023-11-20,P004,3,867.9
C0276,ORD1832,2023-10-25,P009,4,1016.02
C0174,ORD1520,2023-09-24,P002,4,286.52
C0298,ORD1900,2023-10-14,P009,2,1018.04
C0229,ORD1681,2024-02-02,P005,1,2580.4
C0054,ORD1159,2024-03-17,P007,4,1709.11
C0114,ORD1337,2023-08-23,P006,4,420.38
C0238,ORD1719,2023-12-27,P002,2,308.14
C0199,ORD1593,2023-06-08,P001,-3,1251.12
C0033,ORD1098,2023-05-24,P007,3,1597.44
C0026,ORD1079,2024-02-01,P006,1,424.01
C0197,ORD1583,2023-05-26,P007,4,1751.49
C0205,ORD1608,2024-02-05,P002,1,322.96
C0150,ORD1439,2023-11-07,P007,2,1663.73
C0141,ORD1411,2023-02-06,P001,3,1289.91
C0219,ORD1652,2024-01-04,P007,2,1735.25
C0170,ORD1509,2024-01-09,P001,3,1352.31
C0221,ORD1656,2024-01-28,P009,1,956.24
C0298,ORD1898,2023-06-03,P009,2,994.28
C0063,ORD1192,2024-02-01,P002,4,326.17
C0021,ORD1058,2023-08-05,P008,4,724.12
C0207,ORD1617,2024-03-20,P008,3,769.44
C0115,ORD1339,2024-03-07,P006,4,397.83
C0164,ORD1485,2024-02-28,P003,4,218.68
C0265,ORD1797,2024-03-19,P004,2,902.56
C0052,ORD1155,2024-03-11,P005,1,2485.96
C0223,ORD1658,2024-01-14,P004,1,943.28
C0258,ORD1782,2024-02-13,P002,3,308.44
C0246,ORD1737,2024-03-29,P006,1,412.27
C0219,ORD1647,2023-07-18,P001,2,1419.17
C0160,ORD1474,2023-12-19,P003,1,212.81
C0130,ORD1380,2023-06-13,P008,4,804.05
C0047,ORD1140,2024-03-26,P006,3,392.75
C0006,ORD1017,2024-03-03,P005,4,2523.77
C0126,ORD1373,2023-07-23,P001,4,1234.64
C0199,ORD1592,2023-05-10,P001,4,1397.7
C0021,ORD1060,2023-07-29,P007,2,1606.51
C0105,ORD1305,2024-03-21,P010,2,144.43
C0033,ORD1096,2023-10-11,P001,4,1363.24
C0068,ORD1200,2023-03-16,P006,2,379.99
C0246,ORD1740,2024-03-29,P006,2,417.71
C0161,ORD1478,2023-12-31,P004,4,965.99
C0289,ORD1870,2024-03-04,P003,3,196.47
C0229,ORD1683,2024-03-03,P002,4,289.37
C0243,ORD1731,2023-12-07,P007,4,1622.91
C0232,ORD1690,2023-10-08,P002,3,292.46
C0170,ORD1508,2024-01-07,P002,2,310.96
C0220,ORD1655,2023-09-27,P003,1,208.47
C0048,ORD1144,2023-05-09,P006,4,396.3
C0026,ORD1077,2023-12-18,P008,2,800.73
C0166,ORD1496,2023-09-28,P003,3,216.89
C0154,ORD1458,2024-03-06,P006,1,427.54
C0136,ORD1395,2023-06-23,P002,2,310.4
C0119,ORD1351,2024-03-22,P003,1,218.24
C0238,ORD1720,2023-05-22,P006,2,418.75
C0204,ORD1606,2024-02-12,P008,1,781.55
C0003,ORD1010,2023-11-06,P005,1,2698.85
C0226,ORD1667,2023-12-16,P002,1,323.98
C0178,ORD1533,2023-12-10,P002,4,318.74
C0236,ORD1708,2024-03-03,P009,2,1033.16
C0118,ORD1348,2024-03-16,P009,3,1041.31
C0196,ORD1576,2024-02-10,P004,2,953.03
C0098,ORD1290,2023-08-26,P001,2,1366.18
C0141,ORD1412,2023-10-15,P007,2,1542.15
C0195,ORD1574,2023-08-12,P005,3,2433.09
C0011,ORD1029,2024-01-14,P005,4,2617.66
C0146,ORD1429,2023-12-30,P007,3,1541.0
C0265,ORD1799,2024-01-03,P006,4,391.04
C0057,ORD1172,2023-08-28,P009,2,1090.69
C0092,ORD1275,2023-05-19,P009,3,1027.88
C0078,ORD1236,2023-10-05,P006,2,387.81
C0109,ORD1322,2023-09-04,P001,1,1350.48
C0026,ORD1080,2024-02-15,P005,2,2429.29
C0245,ORD1734,2024-01-12,P010,1,162.26
C0117,ORD1343,2024-03-05,P004,4,901.09
C0111,ORD1331,2023-11-22,P010,3,163.69
C0234,ORD1704,2024-02-27,P005,4,2570.0
C0080,ORD1243,2023-11-22,P010,4,153.94
C0081,ORD1246,2024-01-11,P009,2,1055.09
C0207,ORD1617,2024-03-20,P008,3,769.44
C0291,ORD1878,2024-02-24,P003,1,202.46
C0057,ORD1170,2023-08-04,P008,2,783.22
C0150,ORD1442,2023-11-05,P007,3,1613.3
C0261,ORD1790,2024-03-26,P003,1,201.01
C0279,ORD1850,2023-05-03,P006,3,379.55
C0146,ORD1431,2023-12-13,P003,4,205.61
C0227,ORD1670,2024-01-06,P005,4,2553.32
C0159,ORD1472,2024-01-24,P001,3,1328.48
C0275,ORD1828,2024-01-21,P004,3,938.99
C0192,ORD1566,2023-05-20,P003,2,213.12
C0173,ORD1518,2024-01-03,P003,3,207.98
C0279,ORD1849,2023-05-13,P005,-1,2679.7
C0021,ORD1059,2023-07-30,P009,1,1036.34
C0278,ORD1840,2024-01-18,P001,1,1336.15
C0136,ORD1393,2023-11-19,P002,4,288.2
C0256,ORD1773,2023-09-11,P010,2,159.89
C0259,ORD1786,2023-12-26,P005,3,2532.82
C0185,ORD1549,2023-12-04,P007,1,1581.45
C0170,ORD1507,2024-02-04,P006,4,387.42
C0053,ORD1158,2023-09-24,P004,4,958.63
C0167,ORD1501,2023-03-30,P006,1,404.33
C0014,ORD1039,2024-02-13,P002,1,308.3
C0046,ORD1131,2023-09-20,P005,1,2651.47
C0275,ORD1827,2024-03-25,P010,1,156.98
C0120,ORD1354,2023-07-03,P003,4,194.3
C0035,ORD1104,2024-02-05,P003,3,189.82
C0110,ORD1328,2024-02-20,P009,3,978.88
C0183,ORD1544,2024-01-02,P006,3,393.03
C0037,ORD1109,2024-03-19,P002,4,312.56
C0234,ORD1698,2024-01-27,P008,2,779.24
C0141,ORD1413,2023-04-17,P004,2,888.09
C0248,ORD1750,2024-03-07,P009,1,1039.95
C0058,ORD1180,2023-11-08,P008,1,793.83
C0204,ORD1607,2024-02-13,P007,1,1554.6
C0290,ORD1875,2024-01-14,P006,2,381.41
C0224,ORD1662,2023-08-09,P001,4,1368.15
C0208,ORD1622,2024-01-05,P002,1,305.97
C0187,ORD1558,2023-06-04,P008,2,781.11
C0141,ORD1410,2023-10-05,P008,-1,773.53
C0037,ORD1107,2024-02-24,P010,1,151.12
C0129,ORD1378,2024-03-18,P003,3,218.69
C0150,ORD1440,2024-02-07,P004,4,984.12
C0228,ORD1678,2024-01-26,P006,4,428.51
C0280,ORD1855,2024-02-21,P009,3,1060.38
C0079,ORD1239,2024-03-29,P010,3,155.57
C0185,ORD1548,2023-06-25,P004,3,949.95
C0022,ORD1061,2023-07-23,P004,2,901.74
C0001,ORD1001,2023-06-02,P004,2,867.87
C0034,ORD1100,2023-10-17,P006,2,425.81
C0176,ORD1525,2024-02-12,P002,3,309.91
C0123,ORD1363,2023-11-01,P005,1,2508.83
C0042,ORD1120,2024-02-22,P005,3,2419.28
C0256,ORD1772,2023-06-03,P008,4,730.71
C0198,ORD1584,2023-12-15,P006,4,407.75
C0141,ORD1414,2023-07-31,P005,4,2733.64
C0215,ORD1642,2023-05-02,P007,3,1727.92
C0233,ORD1694,2024-01-25,P001,4,1328.15
C0260,ORD1787,2023-12-11,P004,4,929.24
C0259,ORD1784,2023-11-23,P001,4,1368.06
C0089,ORD1267,2023-11-28,P004,1,867.41
C0086,ORD1255,2024-03-05,P002,1,323.36
C0098,ORD1289,2023-07-05,P002,4,319.98
C0108,ORD1315,2023-09-03,P006,3,430.57
C0023,ORD1067,2023-12-28,P007,3,1535.7
C0277,ORD1839,2024-03-28,P002,2,288.67
C0257,ORD1777,2024-03-08,P010,1,161.7
C0280,ORD1851,2024-03-23,P005,1,2673.17
C0164,ORD1487,2024-03-08,P007,4,1670.73
C0046,ORD1133,2023-05-12,P009,1,1010.27
C0055,ORD1163,2023-08-01,P006,4,430.03
C0147,ORD1435,2024-03-01,P003,2,197.06
C0229,ORD9770,2023-06-15,,1,0.0
C0167,ORD1499,2023-10-31,P002,-1,305.43
C0049,ORD1148,2024-03-26,P008,1,773.25
C0122,ORD1362,2023-11-12,P006,-2,402.01
C0213,ORD1635,2023-09-05,P005,4,2650.21
C0251,ORD1760,2024-01-02,P009,3,1086.6
C0294,ORD1884,2023-06-07,P008,2,775.7
C0126,ORD1371,2023-11-04,P008,1,769.21
C0082,ORD1248,2024-02-22,P010,1,156.02
C0192,ORD1567,2023-08-23,P010,1,149.41
C0090,ORD1271,2023-11-07,P007,1,1576.05
C0109,ORD1323,2023-11-03,P005,1,2535.58
C0127,ORD1374,2023-03-02,P007,3,1648.85
C0218,ORD1646,2023-06-02,P003,4,201.09
C0203,ORD1604,2024-02-09,P004,2,888.83
C0011,ORD1030,2024-02-14,P009,4,982.72
C0108,ORD1314,2024-02-02,P007,4,1600.65
C0163,ORD1484,2024-02-02,P005,3,2566.88
C0294,ORD1887,2023-05-24,P008,1,795.08
C0037,ORD1108,2024-03-11,P002,-3,302.89
C0294,ORD1889,2023-05-04,P002,3,293.73
C0239,ORD1724,2024-01-05,P007,1,1648.63
C0090,ORD1270,2023-02-19,P005,2,2579.77
C0057,ORD1169,2023-06-29,P003,1,200.47
C0224,ORD1661,2023-09-30,P009,2,1010.45
C0275,ORD1826,2024-03-20,P009,3,994.01
C0253,ORD1765,2023-11-07,P009,2,983.51
C0022,ORD1063,2023-04-14,P003,4,211.04
C0268,ORD1804,2024-02-27,P005,4,2585.15
C0251,ORD1759,2024-01-09,P002,3,285.97
C0234,ORD1700,2024-01-30,P009,2,1042.58
C0207,ORD1618,2024-01-06,P002,3,302.14
C0096,ORD1282,2024-02-14,P005,3,2391.97
C0146,ORD1432,2024-03-04,P002,1,308.91
C0070,ORD1219,2024-02-23,P001,2,1382.61
C0135,ORD1389,2024-02-19,P007,3,1616.97
C0013,ORD1035,2023-04-08,P007,3,1631.07
C0211,ORD1630,2024-03-18,P007,-1,1758.76
C0207,ORD1614,2023-12-29,P004,2,954.34
C0292,ORD1880,2024-02-03,P001,3,1280.58
C0264,ORD1794,2024-02-06,P005,1,2681.51
C0172,ORD1516,2024-03-04,P007,4,1538.82
C0248,ORD1751,2023-11-22,P003,2,215.51
C0136,ORD1391,2023-08-15,P008,1,820.28
C0016,ORD1048,2023-11-13,P007,3,1568.04
C0253,ORD1766,2024-03-16,P005,2,2433.04
C0268,ORD1807,2023-11-28,P004,3,901.67
C0265,ORD1798,2024-03-08,P001,2,1287.82
C0158,ORD1467,2024-02-04,P010,1,148.55
C0219,ORD1648,2023-12-27,P009,2,949.67
C0099,ORD1292,2023-03-22,P010,2,162.76
C0056,ORD1166,2024-01-20,P002,1,315.18
C0059,ORD1183,2024-01-13,P005,3,2549.6
C0145,ORD1427,2024-03-04,P003,4,207.52
C0213,ORD1634,2023-10-30,P006,2,418.28
C0178,ORD1531,2023-06-27,P010,3,156.6
C0247,ORD1743,2023-04-27,P005,1,2591.69
C0279,ORD1841,2023-07-07,P010,2,162.37
C0106,ORD1306,2023-04-02,P009,2,973.32
C0222,ORD1657,2023-02-04,P002,4,289.59
C0276,ORD1831,2023-08-21,P010,2,147.91
C0014,ORD1038,2023-12-30,P004,1,970.2
C0120,ORD1358,2024-02-21,P003,4,213.19
C0020,ORD1057,2024-03-08,P005,-1,2663.1
C0280,ORD1854,2024-03-11,P007,2,1620.32
C0230,ORD1687,2024-03-27,P006,4,400.79
C0207,ORD1615,2024-03-25,P006,3,415.26
C0069,ORD1213,2023-11-12,P002,3,309.0
C0097,ORD1285,2024-02-09,P005,1,2403.64
C0084,ORD1251,2023-12-04,P007,2,1744.03
C0002,ORD1007,2024-03-06,P006,3,422.72
C0248,ORD1745,2023-10-09,P006,4,415.94
C0289,ORD1873,2024-02-25,P002,2,298.26
C0144,ORD1420,2024-02-27,P001,2,1295.33
C0245,ORD1733,2023-11-07,P002,3,288.81
C0227,ORD1669,2023-07-04,P006,3,403.04
C0071,ORD1223,2023-07-21,P010,1,145.03
C0080,ORD1244,2023-11-09,P008,2,764.99
C0169,ORD1506,2024-01-03,P008,2,722.84
C0002,ORD1006,2024-02-14,P006,1,384.84
C0171,ORD1511,2024-01-11,P007,1,1672.09
C0170,ORD1510,2023-12-16,P007,3,1707.04
C0158,ORD1470,2024-02-20,P003,4,209.75
C0005,ORD1013,2024-02-28,P004,3,958.69
C0089,ORD1260,2024-03-08,P005,4,2530.99
C0002,ORD1004,2023-09-28,P008,3,712.28
C0219,ORD1651,2023-12-15,P005,4,2597.6
C0295,ORD1891,2023-06-28,P010,2,154.02
C0042,ORD1121,2024-01-19,P006,1,435.96
C0059,ORD1186,2023-09-24,P009,1,1049.87
C0101,ORD1296,2024-03-19,P005,4,2424.93
C0154,ORD1457,2024-03-15,P008,3,760.78
C0275,ORD1825,2024-02-02,P008,1,767.68
C0109,ORD1316,2023-09-13,P009,1,1018.95
C0146,ORD1430,2024-02-07,P008,3,723.04
C0018,ORD1053,2024-02-29,P001,3,1254.23
C0198,ORD1588,2023-09-29,P009,1,1096.69
C0279,ORD1848,2023-06-19,P002,4,302.54
C0056,ORD1167,2023-10-08,P001,3,1291.21
C0051,ORD1154,2024-02-29,P003,1,212.63
C0117,ORD1344,2024-03-04,P005,1,2577.67
C0271,ORD1816,2024-01-01,P007,2,1549.81
C0272,ORD1818,2024-01-27,P003,4,209.89
C0214,ORD1637,2024-03-23,P006,3,429.36
C0192,ORD1564,2023-06-27,P004,3,960.75
C0134,ORD1388,2024-03-22,P003,4,190.45
C0056,ORD1164,2024-01-06,P006,4,381.2
C0175,ORD1524,2024-03-23,P005,1,2385.05
C0136,ORD1394,2023-09-08,P001,3,1351.93
C0268,ORD1811,2024-03-25,P004,4,885.72
C0284,ORD1860,2023-10-22,P008,3,800.47
C0126,ORD1372,2023-10-07,P010,1,156.59
C0279,ORD1844,2023-08-08,P008,4,772.28
C0041,ORD1117,2024-01-02,P008,4,722.0
C0033,ORD1094,2023-09-16,P001,4,1366.38
C0045,ORD1127,2023-05-01,P005,4,2398.54
C0224,ORD1660,2023-10-10,P002,1,311.36
C0199,ORD1591,2023-12-30,P009,3,993.62
C0087,ORD1257,2023-12-14,P008,1,787.54
C0201,ORD1599,2023-07-03,P002,3,302.62
C0157,ORD1466,2023-09-03,P006,3,416.0
C0069,ORD1207,2023-10-03,P010,3,154.9
C0157,ORD1465,2024-03-13,P009,3,1040.65
C0059,ORD1184,2023-06-19,P003,2,210.67
C0010,ORD1026,2023-03-25,P008,1,771.4
C0155,ORD1462,2023-12-04,P001,2,1317.75
C0297,ORD1896,2023-10-17,P010,2,153.85
C0234,ORD1697,2024-03-27,P004,3,900.28
C0285,ORD1861,2024-02-07,P001,3,1247.96
C0236,ORD1713,2024-03-07,P006,2,436.76
C0276,ORD1835,2023-06-17,P002,2,298.11
C0059,ORD1185,2023-12-01,P009,3,1008.18
C0283,ORD1859,2024-02-27,P001,2,1236.92
C0257,ORD1780,2024-03-26,P004,4,905.46
C0114,ORD9156,2023-06-15,,1,0.0
C0210,ORD1626,2023-04-30,P001,4,1360.19
C0160,ORD1475,2023-10-11,P005,1,2575.57
C0048,ORD1146,2023-07-31,P002,4,321.05
C0177,ORD1530,2023-10-29,P007,2,1618.89
C0281,ORD1857,2024-03-18,P010,4,155.47
C0105,ORD1302,2024-02-09,P009,4,1072.43
C0147,ORD1433,2024-02-26,P007,1,1612.06
C0057,ORD1171,2023-11-24,P005,1,2548.45
C0159,ORD1473,2023-10-07,P007,4,1636.99
C0100,ORD1293,2024-02-04,P010,2,150.45
C0108,ORD1312,2024-03-27,P005,3,2675.69
C0141,ORD1408,2023-02-03,P007,2,1574.56
C0152,ORD1451,2024-01-15,P007,3,1622.29
C0103,ORD1299,2023-06-19,P006,2,391.08
C0065,ORD1195,2024-01-02,P008,1,783.65
C0261,ORD1789,2024-02-16,P003,1,202.38
C0176,ORD1529,2023-05-26,P004,1,905.69
C0225,ORD1664,2024-01-08,P003,1,191.29
C0193,ORD1572,2024-03-06,P001,1,1371.36
C0256,ORD1775,2023-10-03,P010,1,150.17
C0140,ORD1406,2024-02-16,P003,4,215.6
C0287,ORD1868,2023-06-13,P004,4,876.62
C0178,ORD1532,2023-06-14,P003,2,218.35
C0085,ORD1252,2023-12-27,P003,1,201.69
C0016,ORD1044,2024-03-10,P001,3,1347.88
C0158,ORD1468,2024-01-27,P005,1,2633.98
C0156,ORD1463,2023-08-03,P005,1,2673.74
C0038,ORD1112,2024-01-19,P006,2,384.24
C0247,ORD1741,2023-06-26,P004,3,878.51
C0014,ORD1040,2023-05-15,P002,2,305.83
C0181,ORD1538,2023-06-21,P007,3,1646.13
C0185,ORD1550,2023-09-02,P001,4,1342.38
C0293,ORD1883,2024-03-11,P002,1,289.87
C0223,ORD1658,2024-01-14,P004,1,943.28
C0279,ORD1847,2023-12-08,P007,3,1634.57
C0157,ORD9536,2023-06-15,,1,0.0
C0109,ORD1321,2023-04-23,P007,4,1570.65
C0262,ORD1791,2024-03-14,P001,2,1357.95
C0208,ORD1623,2024-01-18,P003,4,199.49
C0015,ORD1043,2024-03-27,P009,4,993.51
C0141,ORD1415,2023-09-23,P010,2,146.6
C0149,ORD1438,2023-05-10,P007,3,1610.17
C0299,ORD1902,2024-03-10,P002,4,293.8
C0257,ORD1779,2024-02-28,P007,4,1529.47
C0112,ORD1333,2023-06-11,P006,3,437.7
C0254,ORD1770,2024-03-29,P001,2,1284.37
C0229,ORD1684,2024-03-16,P001,1,1241.03
C0152,ORD1450,2023-11-01,P003,1,208.3
C0058,ORD1182,2023-08-09,P009,3,1085.94
C0024,ORD1068,2024-03-15,P007,3,1546.71
C0069,ORD1210,2023-11-07,P006,4,422.72
C0237,ORD1718,2023-08-09,P008,3,791.06
C0258,ORD9714,2023-06-15,,1,0.0
C0144,ORD1423,2024-01-13,P009,3,1059.9
C0092,ORD1277,2023-10-21,P006,3,400.42
C0006,ORD1016,2024-02-12,P003,3,211.29
C0143,ORD1419,2024-03-02,P008,3,719.9
C0012,ORD1034,2024-02-14,P010,4,152.12
C0076,ORD1232,2023-09-23,P001,3,1418.69
C0066,ORD1198,2023-05-10,P006,2,414.72
C0056,ORD1168,2024-01-04,P007,2,1617.88
C0248,ORD1744,2023-09-05,P004,1,863.46
C0164,ORD1486,2024-03-01,P003,2,198.66
C0168,ORD1504,2024-02-29,P003,1,189.3
C0250,ORD1753,2023-05-07,P009,3,1098.71
C0287,ORD1865,2023-12-15,P007,3,1557.09
C0286,ORD1864,2023-01-24,P004,4,866.72
C0226,ORD1666,2023-08-09,P001,3,1365.92
C0161,ORD1481,2024-02-28,P004,2,933.33
C0241,ORD1729,2024-01-22,P002,2,316.2
C0171,ORD1515,2023-08-21,P001,1,1311.6
C0047,ORD1138,2024-03-17,P008,1,745.71
C0164,ORD1489,2024-02-27,P007,3,1729.47
C0028,ORD1082,2024-02-10,P008,4,785.26
C0124,ORD1368,2024-01-23,P004,1,925.27
C0230,ORD1686,2024-03-27,P006,3,427.92
C0265,ORD1800,2023-09-26,P002,1,316.62
C0078,ORD1238,2023-07-09,P008,4,796.92
C0206,ORD1611,2024-02-11,P001,4,1298.64
C0262,ORD1792,2023-11-01,P003,4,202.05
C0246,ORD1739,2024-03-18,P002,3,317.3
C0197,ORD1581,2023-10-20,P008,1,739.59
C0208,ORD1621,2024-03-24,P004,3,916.65
C0091,ORD1274,2023-05-10,P005,-4,2506.3
C0290,ORD1876,2024-02-25,P008,3,766.61
C0210,ORD1627,2023-04-24,P004,3,981.21
C0010,ORD1027,2023-04-15,P003,4,193.98
C0062,ORD1190,2023-10-09,P002,2,290.13
C0240,ORD1725,2023-12-26,P009,4,993.47
C0037,ORD1110,2024-03-17,P003,4,204.62
C0064,ORD1193,2024-02-05,P004,4,885.89
C0275,ORD1828,2024-01-21,P004,3,938.99
C0095,ORD1281,2023-07-02,P005,4,2577.61
C0219,ORD1653,2024-01-15,P004,2,977.87
C0153,ORD1454,2024-03-14,P010,2,142.1
C0108,ORD1311,2023-11-04,P004,4,858.13
C0144,ORD1422,2024-01-15,P002,3,294.84
C0295,ORD1890,2023-06-19,P009,4,1027.9
C0110,ORD1327,2024-03-26,P002,2,301.72
C0249,ORD1752,2023-02-17,P009,1,1035.8
C0289,ORD1871,2024-02-20,P002,3,328.76
C0236,ORD1707,2024-03-21,P009,1,1016.87
C0061,ORD1189,2024-03-26,P005,4,2391.05
C0043,ORD1122,2023-07-28,P008,3,821.27
C0184,ORD1546,2023-08-27,P009,3,980.16
C0192,ORD1571,2023-08-09,P010,2,149.17
C0024,ORD1070,2023-12-22,P006,4,409.66
C0110,ORD1326,2024-03-12,P008,3,781.57
C0055,ORD1162,2023-05-31,P007,2,1706.5
C0196,ORD1579,2024-01-06,P010,1,144.69
C0292,ORD1882,2024-03-21,P003,3,208.18
C0049,ORD1149,2024-02-28,P008,4,820.88
C0297,ORD1897,2023-10-24,P006,4,402.82
C0265,ORD1799,2024-01-03,P006,4,391.04
C0300,ORD1903,2024-02-18,P003,4,209.63
C0236,ORD1706,2024-01-17,P003,1,197.86
C0109,ORD1317,2023-07-22,P008,2,717.24
C0239,ORD1722,2024-03-29,P001,1,1320.89
C0069,ORD1208,2023-10-08,P008,4,790.39
C0076,ORD1233,2023-10-21,P006,1,385.39
C0187,ORD1555,2023-06-30,P002,1,286.32
C0199,ORD1595,2023-08-18,P002,4,297.88
C0047,ORD1142,2024-03-27,P005,2,2537.44
C0227,ORD1669,2023-07-04,P006,3,403.04
C0069,ORD1212,2023-09-02,P008,1,721.14
C0046,ORD1135,2023-10-03,P002,2,319.38
C0187,ORD1556,2023-11-01,P007,4,1610.85
C0154,ORD1460,2024-01-30,P004,2,898.68
C0115,ORD1338,2024-03-11,P008,1,769.82
C0208,ORD1620,2023-10-10,P004,1,977.85
C0109,ORD1320,2023-11-26,P008,4,767.43
C0149,ORD1437,2024-01-15,P010,2,144.58
C0053,ORD1157,2024-03-28,P009,4,997.27
C0198,ORD1587,2023-09-28,P006,2,388.68
C0081,ORD1247,2024-02-26,P009,2,1086.6
C0145,ORD1428,2024-03-28,P004,1,874.85
C0076,ORD1233,2023-10-21,P006,1,385.39
C0234,ORD1703,2024-03-01,P008,4,811.98
C0250,ORD1755,2023-09-14,P003,4,191.75
C0211,ORD1628,2024-03-21,P005,4,2693.27
C0233,ORD1695,2023-11-28,P003,2,192.88
C0178,ORD1534,2023-10-25,P006,1,379.53
C0136,ORD1392,2024-03-14,P009,2,987.26
C0032,ORD1090,2023-04-13,P007,4,1630.8
C0047,ORD1141,2024-02-29,P005,1,2439.72
C0227,ORD1673,2024-03-04,P008,2,799.09
C0276,ORD1833,2023-06-21,P007,3,1748.49
C0118,ORD1350,2023-09-17,P004,1,898.59
C0052,ORD1156,2024-03-16,P010,4,151.53
C0075,ORD1231,2023-07-19,P010,4,157.41
C0098,ORD1287,2024-01-20,P010,4,151.47
C0192,ORD1569,2023-10-31,P009,3,954.74
C0011,ORD1031,2024-02-01,P001,2,1235.45
C0137,ORD1397,2023-08-08,P004,1,955.77
C0089,ORD1264,2024-01-03,P003,4,216.23
C0251,ORD1761,2023-11-22,P001,3,1422.75
C0022,ORD1064,2023-07-10,P007,2,1707.9
C0097,ORD1283,2023-07-22,P006,4,423.54
C0277,ORD1837,2024-02-14,P010,4,145.66
C0080,ORD1242,2023-11-13,P006,3,430.78
C0108,ORD1310,2023-07-13,P001,1,1359.04
C0215,ORD1641,2023-10-28,P001,1,1271.96
C0123,ORD1364,2023-09-14,P001,1,1265.17
C0121,ORD1361,2024-03-06,P007,3,1679.57
C0234,ORD1701,2024-01-27,P006,2,417.96
C0120,ORD1356,2023-11-09,P001,1,1351.5
C0290,ORD1874,2024-03-02,P006,4,380.33
C0055,ORD1161,2023-05-09,P008,1,762.89
C0252,ORD1763,2024-03-16,P002,3,324.74
C0139,ORD1403,2023-11-23,P005,2,2460.27
C0167,ORD1502,2023-06-01,P008,1,721.59
C0117,ORD1342,2024-03-22,P005,2,2742.25
C0279,ORD1845,2023-07-12,P009,4,1091.18
C0183,ORD1543,2023-11-23,P005,3,2721.18
C0086,ORD1254,2024-03-30,P004,2,874.94
C0014,ORD1041,2023-08-25,P007,1,1519.57
C0009,ORD1023,2023-07-26,P009,2,1063.31
C0242,ORD1730,2023-03-06,P003,3,206.21
C0033,ORD1098,2023-05-24,P007,3,1597.44
C0158,ORD1469,2024-03-02,P007,4,1656.92
C0171,ORD1513,2023-07-09,P007,4,1682.85
C0068,ORD1204,2023-11-30,P005,4,2385.73
C0063,ORD1191,2024-03-14,P009,4,1057.93
C0032,ORD1091,2023-04-12,P004,4,957.86
C0183,ORD1545,2023-11-14,P003,1,193.96
C0206,ORD1612,2024-01-21,P001,4,1408.84
C0166,ORD1497,2023-10-17,P002,3,300.73
C0110,ORD1324,2024-02-23,P007,3,1531.32
C0035,ORD1102,2024-02-21,P003,4,205.88
C0241,ORD1727,2024-03-15,P009,1,980.64
C0175,ORD1521,2024-03-06,P003,-1,193.15
C0135,ORD1390,2024-01-03,P007,2,1632.62
C0078,ORD1237,2023-07-20,P003,2,208.62
C0137,ORD1396,2023-12-23,P004,3,976.63
C0226,ORD1665,2023-09-07,P008,3,717.18
C0104,ORD1300,2024-03-11,P001,3,1305.93
C0006,ORD1020,2023-11-03,P007,4,1631.31
C0038,ORD1111,2024-03-28,P008,4,793.68
C0125,ORD1369,2023-11-13,P001,2,1263.25
C0227,ORD1676,2023-05-24,P009,2,1049.43
C0229,ORD1679,2023-11-23,P001,2,1325.49
C0269,ORD1812,2023-08-29,P004,2,966.83
C0228,ORD1677,2024-03-19,P010,1,157.79
C0137,ORD1398,2023-08-24,P010,2,146.9
C0024,ORD1069,2023-11-09,P003,3,206.86
C0003,ORD1009,2024-01-14,P010,2,142.57
C0227,ORD1671,2023-12-19,P003,1,210.73
C0160,ORD1477,2023-09-14,P005,3,2657.73
C0018,ORD1055,2023-08-22,P005,3,2643.05
C0093,ORD1278,2023-06-26,P010,3,149.42
C0213,ORD1633,2023-06-22,P009,2,1069.74
C0236,ORD1714,2024-01-22,P008,2,719.92
C0268,ORD1809,2024-03-23,P006,1,389.73
C0069,ORD1206,2024-03-11,P002,3,287.0
C0099,ORD1291,2023-04-09,P004,3,982.09
C0022,ORD1062,2023-11-03,P007,2,1575.83
C0058,ORD1175,2024-03-23,P005,3,2685.19
C0089,ORD1262,2023-12-26,P006,1,409.93
C0016,ORD1045,2024-02-29,P009,2,1025.15
C0183,ORD1540,2024-01-07,P006,4,384.13
C0229,ORD1680,2024-03-15,P003,1,198.62
C0200,ORD1597,2023-12-11,P007,3,1529.75
C0134,ORD1386,2024-03-24,P006,2,387.62
C0006,ORD1019,2023-11-15,P003,2,201.65
C0230,ORD1685,2024-03-03,P010,3,154.12
C0237,ORD1716,2023-05-29,P010,-3,151.97
C0236,ORD1712,2024-03-04,P008,2,790.72
C0048,ORD1145,2023-09-09,P009,1,996.18
C0248,ORD1748,2023-10-23,P007,3,1551.26
C0214,ORD1638,2024-01-08,P005,1,2651.78
C0165,ORD1495,2023-10-10,P001,1,1264.83
C0295,ORD1891,2023-06-28,P010,2,154.02
C0089,ORD1265,2024-03-21,P008,3,758.16
C0253,ORD1769,2024-02-19,P001,2,1345.79
C0180,ORD1536,2024-03-20,P004,2,979.78
C0189,ORD1560,2024-01-07,P004,1,959.49
C0069,ORD1209,2024-02-28,P009,2,1082.13
C0070,ORD1217,2024-02-02,P006,3,395.72
C0185,ORD1551,2024-03-12,P004,1,962.46
C0282,ORD1858,2023-03-28,P001,1,1253.98
C0070,ORD1215,2024-03-14,P001,3,1302.57
C0116,ORD1340,2023-12-26,P009,3,1079.07
C0009,ORD1024,2023-11-27,P009,1,1022.27
C0162,ORD1483,2024-01-25,P001,3,1350.35
C0155,ORD1461,2023-10-23,P007,2,1676.71
C0291,ORD1879,2023-12-12,P009,3,1065.32
C0038,ORD1114,2024-02-06,P001,4,1269.48
C0274,ORD1824,2023-12-19,P009,4,978.43
C0236,ORD1711,2024-01-25,P009,-1,986.71
C0119,ORD1352,2024-01-04,P007,4,1566.89
C0006,ORD1015,2024-01-06,P004,4,977.38
C0101,ORD1295,2023-11-14,P005,3,2454.48
C0278,ORD1840,2024-01-18,P001,1,1336.15
C0280,ORD1853,2024-03-17,P007,2,1695.85
C0196,ORD9055,2023-06-15,,1,0.0
C0213,ORD1636,2024-01-30,P010,2,157.49
C0298,ORD1901,2023-08-13,P003,3,206.43
C0019,ORD1056,2024-01-27,P009,4,1085.14
C0251,ORD1758,2023-12-18,P008,3,797.1
C0295,ORD1892,2023-04-16,P010,3,157.25
C0145,ORD1427,2024-03-04,P003,4,207.52
C0248,ORD1746,2023-12-05,P010,2,149.7
C0256,ORD1776,2023-04-09,P001,2,1411.23
C0055,ORD1160,2023-11-27,P001,2,1349.05
C0133,ORD1383,2024-01-17,P001,2,1312.43
C0297,ORD1895,2023-12-23,P007,4,1596.63
C0069,ORD1205,2023-11-11,P002,4,303.94
C0079,ORD1240,2023-11-24,P008,1,782.49
C0277,ORD1838,2024-01-01,P003,2,217.12
C0016,ORD1046,2023-12-10,P002,1,294.6
C0152,ORD1452,2023-08-05,P002,3,317.55
C0050,ORD1150,2023-07-23,P005,1,2408.99
C0214,ORD1639,2024-01-08,P006,1,392.42
C0153,ORD1453,2024-03-01,P004,4,916.49
C0274,ORD1823,2023-11-22,P010,2,157.66
C0279,ORD1842,2023-09-10,P005,2,2480.57
C0212,ORD1632,2023-11-04,P005,3,2730.98
C0120,ORD1359,2023-11-30,P003,4,210.5
C0058,ORD1174,2023-12-16,P008,1,775.81
C0108,ORD1313,2024-01-15,P005,4,2396.51
C0261,ORD1789,2024-02-16,P003,1,202.38
C0009,ORD1025,2023-04-22,P006,3,393.47
C0227,ORD1672,2023-08-07,P002,4,305.7
C0205,ORD1609,2024-03-08,P007,3,1635.52
C0120,ORD1353,2023-11-07,P001,1,1279.3
C0110,ORD1329,2024-03-13,P007,1,1551.92
C0066,ORD1196,2023-02-05,P006,2,426.15
C0120,ORD1357,2023-12-02,P005,4,2577.71
C0128,ORD1375,2023-10-04,P001,3,1383.88
C0147,ORD1434,2024-02-11,P009,2,974.46
C0144,ORD1424,2024-03-30,P002,3,303.65
C0231,ORD1688,2023-06-12,P001,3,1357.52
C0040,ORD1116,2023-09-27,P004,1,908.86
C0033,ORD1092,2023-11-01,P007,-4,1603.42
C0202,ORD9994,2023-06-15,,1,0.0
C0234,ORD1702,2024-01-12,P009,3,1063.05
C0112,ORD1332,2023-11-22,P009,4,993.97
C0150,ORD1441,2023-11-03,P005,4,2667.17
C0265,ORD1796,2023-12-05,P004,1,922.9
C0091,ORD1273,2023-11-08,P010,1,154.4
C0025,ORD1074,2023-12-03,P007,3,1565.06
C0082,ORD1249,2024-02-05,P006,1,402.19
C0085,ORD1253,2024-01-13,P001,3,1419.39
C0180,ORD1537,2024-02-01,P004,3,947.56
C0250,ORD1754,2023-12-16,P003,3,215.66
C0211,ORD1631,2024-02-15,P009,3,965.25
C0195,ORD1575,2023-10-02,P008,3,820.39
C0068,ORD1201,2023-07-22,P001,2,1336.56
C0253,ORD1766,2024-03-16,P005,2,2433.04
C0226,ORD1668,2023-05-16,P003,2,215.75
C0140,ORD1405,2024-03-28,P008,4,800.87
C0167,ORD1500,2023-06-01,P010,2,151.5
C0068,ORD1203,2023-05-03,P008,2,716.42
C0194,ORD1573,2023-11-22,P006,1,435.42
C0165,ORD1493,2023-08-08,P009,2,1021.78
C0047,ORD1139,2024-03-24,P005,4,2598.22
C0258,ORD1781,2024-03-28,P002,4,305.45
C0046,ORD1134,2023-10-11,P005,1,2639.05
C0236,ORD1715,2024-01-07,P009,1,1013.26
C0263,ORD1793,2023-10-30,P002,1,325.79
C0151,ORD1445,2023-10-26,P007,4,1591.68
C0171,ORD1514,2023-12-30,P002,1,284.67
C0043,ORD1124,2023-09-07,P004,3,855.96
C0031,ORD1088,2023-06-21,P005,2,2493.89
C0089,ORD1269,2024-03-24,P008,2,764.25
C0141,ORD1409,2023-04-18,P001,2,1306.77
C0190,ORD1562,2023-12-26,P010,2,159.67
C0016,ORD1051,2023-10-26,P008,1,735.5
C0252,ORD1764,2024-02-09,P007,3,1601.81
C0198,ORD1586,2023-09-18,P005,1,2730.78
C0164,ORD1488,2024-03-19,P007,4,1709.63
C0030,ORD1085,2023-10-24,P009,3,1082.63
C0118,ORD1345,2024-02-16,P006,2,396.26
C0046,ORD1136,2023-05-25,P007,1,1674.39
C0050,ORD1152,2023-09-29,P009,3,1021.35
C0139,ORD1404,2024-02-09,P004,4,981.28
C0268,ORD1806,2023-10-10,P008,1,754.54
C0101,ORD1297,2023-11-02,P008,2,761.56
C0150,ORD1443,2023-09-12,P010,2,153.74
C0073,ORD1228,2023-07-20,P005,3,2560.49
C0033,ORD1093,2023-07-29,P007,2,1584.51
C0173,ORD1517,2023-12-21,P005,1,2565.71
C0199,ORD1590,2023-04-18,P002,3,292.57
C0205,ORD1610,2024-03-24,P001,2,1262.08
C0301,ORD6001,2024-03-31,P001,2,1322.52
C0301,ORD6002,2024-01-29,P010,3,148.96
C0301,ORD6003,2023-12-30,P005,2,2436.84
C0301,ORD6004,2024-03-26,P010,3,148.35
C0302,ORD6005,2023-05-29,P008,3,730.55
C0302,ORD6006,2023-05-27,P005,3,2608.08
C0302,ORD6007,2023-07-26,P008,1,725.8
C0303,ORD6008,2024-03-31,P005,1,2604.88
C0304,ORD6009,2023-05-15,P002,3,291.88
C0305,ORD6010,2023-09-03,P008,2,802.31
C0305,ORD6011,2023-05-24,P004,2,878.43
C0306,ORD6012,2023-04-14,P002,1,310.76
C0306,ORD6013,2023-02-25,P008,2,798.1
C0307,ORD6014,2024-02-15,P003,1,206.3
C0308,ORD6015,2023-07-11,P005,1,2393.74
C0308,ORD6016,2023-05-26,P007,2,1591.33
C0308,ORD6017,2023-08-07,P009,1,1005.96
C0309,ORD6018,2023-11-06,P003,3,215.03
C0309,ORD6019,2023-09-03,P005,2,2517.24
C0309,ORD6020,2023-11-19,P009,3,1092.29
C0310,ORD6021,2024-03-11,P006,2,415.59
C0311,ORD6022,2023-08-13,P005,2,2674.8
C0311,ORD6023,2023-07-24,P010,2,151.86
C0312,ORD6024,2023-11-07,P010,1,153.17
C0312,ORD6025,2023-10-24,P003,2,205.4
C0313,ORD6026,2024-03-18,P001,2,1253.09
C0313,ORD6027,2024-03-27,P008,2,736.2
C0314,ORD6028,2023-04-17,P001,3,1251.96
C0315,ORD6029,2024-01-27,P010,3,144.27
C0315,ORD6030,2024-01-02,P002,3,289.88
C0315,ORD6031,2024-03-31,P010,1,161.58
C0315,ORD6032,2024-03-31,P003,2,197.84
C0316,ORD6033,2023-07-21,P008,2,797.99
C0316,ORD6034,2023-08-04,P006,2,388.74
C0317,ORD6035,2024-02-17,P007,2,1598.84
C0318,ORD6036,2024-03-31,P003,2,191.12
C0319,ORD6037,2023-09-16,P007,1,1673.87
C0319,ORD6038,2023-05-10,P003,3,212.0
C0319,ORD6039,2023-06-07,P010,3,143.92
C0319,ORD6040,2023-08-04,P005,1,2387.12
C0320,ORD6041,2024-03-12,P008,1,812.27
C0321,ORD6042,2023-11-24,P001,3,1310.14
C0322,ORD6043,2023-09-26,P010,1,153.07
C0323,ORD6044,2024-01-09,P007,2,1721.5
C0323,ORD6045,2024-03-26,P002,3,294.18
C0323,ORD6046,2023-12-16,P008,1,775.28
C0323,ORD6047,2023-12-09,P006,3,397.17
C0324,ORD6048,2023-12-21,P006,3,430.12
C0325,ORD6049,2024-03-31,P005,3,2450.19
C0326,ORD6050,2024-01-01,P004,2,947.89
C0326,ORD6051,2023-08-12,P006,2,384.13
C0327,ORD6052,2024-02-29,P003,1,194.81
C0327,ORD6053,2024-03-31,P010,1,152.48
C0328,ORD6054,2024-03-16,P005,2,2574.2
C0329,ORD6055,2023-08-23,P001,2,1244.97
C0329,ORD6056,2024-02-19,P001,2,1257.08
C0329,ORD6057,2024-02-02,P009,2,1089.92
C0330,ORD6058,2023-11-09,P010,1,162.22
C0330,ORD6059,2023-10-11,P003,2,208.57
C0330,ORD6060,2024-01-30,P010,1,146.97
C0331,ORD6061,2023-02-21,P001,2,1393.97
C0331,ORD6062,2023-02-01,P008,3,730.73
C0332,ORD6063,2024-03-21,P002,2,310.73
C0332,ORD6064,2024-03-31,P004,1,962.53
C0333,ORD6065,2024-03-31,P007,2,1548.02
C0333,ORD6066,2024-03-31,P010,3,144.62
C0334,ORD6067,2024-03-31,P001,3,1267.85
C0334,ORD6068,2024-02-27,P002,2,290.38
C0334,ORD6069,2024-03-31,P003,3,200.09
C0335,ORD6070,2023-09-30,P001,1,1253.53
C0336,ORD6071,2024-02-14,P003,1,215.31
C0336,ORD6072,2023-11-30,P001,1,1269.01
C0336,ORD6073,2023-12-02,P010,2,150.85
C0337,ORD6074,2024-03-31,P003,1,193.32
C0337,ORD6075,2024-03-31,P009,2,1010.79
C0337,ORD6076,2024-03-15,P010,3,142.39
C0338,ORD6077,2024-02-16,P002,3,321.12
C0339,ORD6078,2023-08-04,P009,1,977.81
C0340,ORD6079,2023-07-26,P006,3,409.43
C0340,ORD6080,2023-06-16,P004,2,861.21
C0340,ORD6081,2023-03-18,P003,3,214.24
C0340,ORD6082,2023-06-19,P008,1,729.5
C0341,ORD6083,2023-07-12,P006,2,391.59
C0341,ORD6084,2023-04-02,P006,3,427.24
C0341,ORD6085,2023-08-10,P008,1,723.28
C0341,ORD6086,2023-02-10,P009,1,972.73
C0342,ORD6087,2023-10-20,P002,1,316.4
C0343,ORD6088,2023-10-01,P004,3,945.32
C0343,ORD6089,2023-09-07,P004,1,898.03
C0344,ORD6090,2024-03-31,P004,2,974.25
C0345,ORD6091,2024-02-28,P001,2,1262.29
C0346,ORD6092,2023-10-05,P007,2,1551.77
C0346,ORD6093,2024-02-21,P004,3,902.41
C0346,ORD6094,2023-10-29,P004,2,871.2
C0346,ORD6095,2024-02-14,P010,1,147.82
C0347,ORD6096,2023-12-22,P007,1,1701.42
C0348,ORD6097,2023-11-02,P003,3,217.49
C0349,ORD6098,2024-03-12,P004,1,909.57
C0349,ORD6099,2024-03-04,P008,1,778.01
C0349,ORD6100,2024-02-18,P005,1,2647.7
C0349,ORD6101,2024-03-31,P004,1,898.19
C0350,ORD6102,2023-12-07,P010,1,150.89
C0350,ORD6103,2023-11-10,P001,2,1376.97
C0351,ORD6104,2023-12-19,P007,2,1713.26
C0351,ORD6105,2024-01-31,P002,2,306.26
C0352,ORD6106,2024-01-24,P007,1,1550.88
C0353,ORD6107,2023-12-21,P001,2,1364.41
C0354,ORD6108,2024-01-17,P010,1,163.37
C0355,ORD6109,2023-09-08,P007,1,1708.5
C0355,ORD6110,2023-06-14,P008,3,782.71
C0356,ORD6111,2023-05-15,P006,3,381.01
C0356,ORD6112,2023-05-26,P005,3,2728.69
C0356,ORD6113,2023-06-24,P010,1,159.15
C0357,ORD6114,2023-12-26,P001,3,1418.25
C0358,ORD6115,2023-02-24,P007,2,1630.66
C0358,ORD6116,2023-02-06,P006,2,389.54
C0359,ORD6117,2023-06-27,P004,1,986.37
C0359,ORD6118,2023-04-06,P009,1,1046.31
C0360,ORD6119,2024-03-31,P004,3,956.66
C0360,ORD6120,2024-03-31,P006,2,409.19
C0360,ORD6121,2024-03-31,P005,1,2397.8
C0361,ORD6122,2024-01-12,P009,1,1019.5
C0362,ORD6123,2024-03-31,P005,2,2606.81
C0362,ORD6124,2024-03-31,P002,1,324.05
C0363,ORD6125,2023-05-22,P003,2,217.65
C0363,ORD6126,2023-03-02,P002,1,296.43
C0364,ORD6127,2023-10-20,P004,3,982.44
C0364,ORD6128,2023-09-17,P005,2,2737.5
C0365,ORD6129,2023-07-08,P006,2,405.62
C0365,ORD6130,2023-08-21,P001,2,1270.89
C0366,ORD6131,2024-03-31,P009,3,999.38
C0367,ORD6132,2024-03-31,P006,2,414.56
C0367,ORD6133,2024-03-31,P009,3,1015.77
C0368,ORD6134,2023-05-26,P003,2,195.82
C0369,ORD6135,2023-12-11,P001,1,1302.86
C0370,ORD6136,2023-09-01,P003,3,205.03
C0370,ORD6137,2023-05-12,P003,3,209.73
C0371,ORD6138,2023-04-30,P004,1,859.6
C0371,ORD6139,2023-06-09,P010,1,151.4
C0372,ORD6140,2023-09-06,P001,3,1295.81
C0373,ORD6141,2023-11-01,P009,1,1029.02
C0374,ORD6142,2023-04-26,P008,1,818.03
C0375,ORD6143,2023-03-22,P009,3,998.69
C0375,ORD6144,2023-09-17,P005,2,2709.91
C0375,ORD6145,2023-09-30,P010,3,144.84
C0375,ORD6146,2023-08-12,P008,2,788.98
C0376,ORD6147,2023-02-25,P009,1,995.22
C0376,ORD6148,2023-05-03,P010,1,151.52
C0376,ORD6149,2023-02-13,P006,1,415.45
C0377,ORD6150,2023-11-22,P005,1,2382.5
C0378,ORD6151,2024-02-06,P002,3,301.74
C0378,ORD6152,2023-12-20,P006,3,415.26
C0379,ORD6153,2024-03-09,P007,1,1690.77
C0379,ORD6154,2024-03-26,P006,2,401.36
C0379,ORD6155,2024-02-18,P006,2,397.49
C0379,ORD6156,2024-03-31,P009,1,981.37
C0380,ORD6157,2024-03-31,P008,2,729.95
C0380,ORD6158,2024-03-31,P007,3,1734.06
C0380,ORD6159,2024-02-19,P010,3,143.47
C0381,ORD6160,2024-01-13,P006,1,434.9
C0382,ORD6161,2023-08-03,P001,2,1358.52
C0382,ORD6162,2023-09-19,P007,1,1652.36
C0383,ORD6163,2024-02-26,P004,1,966.28
C0383,ORD6164,2024-03-31,P009,2,955.38
C0383,ORD6165,2024-03-31,P010,2,152.59
C0384,ORD6166,2023-05-01,P001,1,1285.23
C0384,ORD6167,2023-10-05,P008,1,785.01
C0384,ORD6168,2023-07-07,P007,1,1637.03
C0385,ORD6169,2023-05-13,P002,2,306.16
C0385,ORD6170,2023-05-23,P010,3,149.64
C0386,ORD6171,2023-10-17,P008,3,803.48
C0386,ORD6172,2023-11-15,P009,3,1035.25
C0387,ORD6173,2023-08-20,P001,1,1296.34
C0387,ORD6174,2023-09-18,P003,2,193.92
C0387,ORD6175,2023-06-02,P006,2,417.13
C0388,ORD6176,2023-04-09,P005,3,2613.56
C0388,ORD6177,2023-02-13,P009,1,1063.9
C0388,ORD6178,2023-03-12,P002,3,317.81
C0388,ORD6179,2023-06-13,P006,2,428.54
C0389,ORD6180,2023-08-12,P006,1,411.04
C0389,ORD6181,2023-09-02,P003,1,193.14
C0390,ORD6182,2024-03-31,P007,2,1739.93
C0391,ORD6183,2023-05-31,P009,1,1073.66
C0392,ORD6184,2024-03-19,P009,3,1055.83
C0392,ORD6185,2024-03-31,P002,2,304.7
C0392,ORD6186,2023-11-02,P002,1,325.46
C0393,ORD6187,2023-12-02,P006,1,427.95
C0393,ORD6188,2023-11-08,P009,2,974.86
C0394,ORD6189,2024-02-16,P004,1,969.59
C0395,ORD6190,2023-07-14,P003,1,192.94
C0396,ORD6191,2024-03-31,P002,1,284.89
C0397,ORD6192,2023-08-19,P004,1,858.47
C0397,ORD6193,2024-01-24,P009,3,957.93
C0398,ORD6194,2023-05-21,P002,2,313.99
C0399,ORD6195,2024-03-07,P010,1,154.68
C0399,ORD6196,2024-03-27,P003,3,199.54
C0399,ORD6197,2024-02-28,P003,3,217.16
C0400,ORD6198,2023-09-26,P003,3,212.36
C0400,ORD6199,2023-12-01,P004,3,930.95
C0400,ORD6200,2023-07-23,P010,1,153.37
C0400,ORD6201,2023-12-28,P004,2,877.21
